cohort_month,cash_request_id,status,cash_request_amount
2020-05,1625.0,[2 2 4],300.0
2020-05,1655.0,[3 3 3],300.0
2020-05,1880.0,[4 4 4],300.0
2020-05,2118.0,[3 3],200.0
2020-05,2265.0,3,100.0
2020-05,2289.0,3,100.0
2020-05,2403.0,3,100.0
2020-06,2457.0,[3 3],200.0
2020-06,2465.0,[3 3],100.0
2020-06,2507.0,[3 3],200.0
2020-06,2554.0,[4 4 4],300.0
2020-06,2560.0,[4 4 2],300.0
2020-06,2583.0,[2 4 4],300.0
2020-06,2590.0,[2 2],200.0
2020-06,2624.0,3,100.0
2020-06,2628.0,3,100.0
2020-06,2634.0,[3 3],200.0
2020-06,2640.0,3,100.0
2020-06,2641.0,[2 2 4],300.0
2020-06,2654.0,[4 2 2],60.0
2020-06,2676.0,3,100.0
2020-06,2682.0,[4 4],200.0
2020-06,2705.0,[3 3],200.0
2020-06,2713.0,3,50.0
2020-06,2738.0,3,100.0
2020-06,2739.0,[2 2 2 4],400.0
2020-06,2741.0,[4 4],200.0
2020-06,2785.0,[3 3],200.0
2020-06,2793.0,[3 3 3],300.0
2020-06,2795.0,[3 3 3],300.0
2020-06,2811.0,[3 2],200.0
2020-06,2822.0,[4 4 4],300.0
2020-06,2852.0,[4 2 2],300.0
2020-06,2913.0,[nan  4.  4.],150.0
2020-06,2943.0,[4 4],200.0
2020-06,2945.0,[3 3 3],300.0
2020-06,3047.0,[2 4],200.0
2020-06,3053.0,[4 4 4],300.0
2020-06,3061.0,[2 4 4],300.0
2020-06,3068.0,3,100.0
2020-06,3090.0,[3 3 3],300.0
2020-06,3094.0,[3 3 3],300.0
2020-06,3117.0,[4 4 4],300.0
2020-06,3181.0,[3 3 3],150.0
2020-06,3183.0,[3 3],200.0
2020-06,3195.0,[4 4 4],300.0
2020-06,3221.0,3,100.0
2020-06,3229.0,[3 3 4],300.0
2020-06,3235.0,3,100.0
2020-06,3275.0,[3 3 3],300.0
2020-06,3352.0,[4 4],100.0
2020-06,3353.0,3,50.0
2020-06,3360.0,[3 3 2],180.0
2020-06,3365.0,,100.0
2020-06,3404.0,[2 4 4],300.0
2020-06,3433.0,[3 3 3],300.0
2020-06,3504.0,3,100.0
2020-06,3593.0,[2 4 4],150.0
2020-06,3599.0,[4 4 4],300.0
2020-06,3611.0,[4 4 4],300.0
2020-06,3625.0,[4 4 2 2],400.0
2020-06,3635.0,[2 4],200.0
2020-06,3676.0,3,100.0
2020-06,3705.0,[2 4 4],300.0
2020-06,3710.0,[3 3 3],300.0
2020-06,3737.0,3,100.0
2020-06,3742.0,[4 4 4],300.0
2020-06,3811.0,[3 3],140.0
2020-06,3857.0,[4 4 4],300.0
2020-06,3877.0,[3 3],200.0
2020-06,3898.0,[4 4 4],300.0
2020-06,3901.0,[4 4],200.0
2020-06,3999.0,[2 4 4],300.0
2020-06,4004.0,[3 3 3],300.0
2020-06,4009.0,[3 3 3],300.0
2020-06,4019.0,[3 3 3],300.0
2020-06,4065.0,[3 3 3],300.0
2020-06,4080.0,3,100.0
2020-06,4083.0,[4 2 4],300.0
2020-06,4086.0,3,100.0
2020-06,4223.0,[2 2 4],180.0
2020-06,4226.0,3,100.0
2020-06,4230.0,3,100.0
2020-06,4239.0,[3 3],200.0
2020-06,4257.0,[3 3],200.0
2020-06,4261.0,[3 3],200.0
2020-06,4362.0,[3 3],200.0
2020-06,4367.0,[4 4 2],300.0
2020-06,4474.0,[4 4 4],300.0
2020-06,4489.0,[3 3],200.0
2020-06,4563.0,3,100.0
2020-06,4680.0,[4 4],200.0
2020-06,4708.0,[4 2 4],300.0
2020-06,4797.0,3,100.0
2020-06,4899.0,[3 3 3],150.0
2020-06,4908.0,3,100.0
2020-06,4919.0,3,50.0
2020-06,4920.0,[4 2 4],300.0
2020-06,4981.0,[3 3],200.0
2020-06,4997.0,[3 3],200.0
2020-06,5006.0,[3 3],200.0
2020-06,5110.0,3,100.0
2020-06,5122.0,3,50.0
2020-06,5123.0,[2 2 4],300.0
2020-06,5379.0,3,100.0
2020-06,5462.0,[3 3 3],150.0
2020-06,5523.0,2,100.0
2020-06,5598.0,3,100.0
2020-06,5603.0,[3 2],200.0
2020-06,5625.0,[3 3],200.0
2020-06,5809.0,[4 2],200.0
2020-06,5868.0,3,50.0
2020-06,5971.0,[3 3],200.0
2020-06,5988.0,3,100.0
2020-06,6026.0,4,100.0
2020-06,6032.0,[3 3],200.0
2020-07,6046.0,[2 4],200.0
2020-07,6053.0,[4 4],200.0
2020-07,6059.0,[3 3 3],300.0
2020-07,6065.0,[4 2],200.0
2020-07,6082.0,[3 3],200.0
2020-07,6098.0,[2 4],200.0
2020-07,6104.0,[3 3],100.0
2020-07,6114.0,3,50.0
2020-07,6174.0,[2 4],200.0
2020-07,6192.0,3,100.0
2020-07,6205.0,[4 4],200.0
2020-07,6234.0,3,50.0
2020-07,6289.0,[4 4],200.0
2020-07,6312.0,[3 3],200.0
2020-07,6317.0,4,100.0
2020-07,6357.0,,100.0
2020-07,6430.0,[3 3],200.0
2020-07,6433.0,[4 4],200.0
2020-07,6487.0,[4 2],100.0
2020-07,6541.0,[4 4],200.0
2020-07,6563.0,3,100.0
2020-07,6582.0,[4 4],200.0
2020-07,6606.0,2,100.0
2020-07,6610.0,[3 3],200.0
2020-07,6624.0,3,50.0
2020-07,6642.0,[4 4],200.0
2020-07,6653.0,[4 4],200.0
2020-07,6663.0,[4 4],200.0
2020-07,6708.0,3,100.0
2020-07,6744.0,[4 4],200.0
2020-07,6749.0,[3 3 3],300.0
2020-07,6750.0,[4 4],40.0
2020-07,6768.0,[2 4],200.0
2020-07,6785.0,[3 2],200.0
2020-07,6803.0,[4 4],200.0
2020-07,6811.0,4,100.0
2020-07,6833.0,[4 4],100.0
2020-07,6839.0,[nan nan],200.0
2020-07,6852.0,[4 4],200.0
2020-07,6869.0,3,100.0
2020-07,6905.0,3,100.0
2020-07,6913.0,[4 4],100.0
2020-07,6927.0,[4 4],200.0
2020-07,6941.0,3,90.0
2020-07,6943.0,4,100.0
2020-07,6961.0,[3 3],200.0
2020-07,6968.0,[4 4],200.0
2020-07,6982.0,[3 3],200.0
2020-07,6986.0,3,50.0
2020-07,6990.0,[3 3],200.0
2020-07,7006.0,[3 3],200.0
2020-07,7007.0,[2 4],200.0
2020-07,7010.0,[4 4],200.0
2020-07,7016.0,[2 4],200.0
2020-07,7017.0,[3 3],200.0
2020-07,7020.0,3,100.0
2020-07,7026.0,[4 4],200.0
2020-07,7027.0,3,100.0
2020-07,7037.0,3,100.0
2020-07,7038.0,3,100.0
2020-07,7056.0,[2 4],200.0
2020-07,7060.0,[4 4],200.0
2020-07,7138.0,3,100.0
2020-07,7139.0,[4 4],200.0
2020-07,7154.0,[3 3],200.0
2020-07,7170.0,[2 4],200.0
2020-07,7196.0,[3 3],200.0
2020-07,7199.0,3,100.0
2020-07,7234.0,[4 4],200.0
2020-07,7296.0,3,100.0
2020-07,7298.0,[3 3],200.0
2020-07,7317.0,[4 4],200.0
2020-07,7333.0,[4 4 4],300.0
2020-07,7334.0,[4 4],200.0
2020-07,7341.0,3,80.0
2020-07,7346.0,[3 2],200.0
2020-07,7353.0,[nan  4.],200.0
2020-07,7389.0,3,50.0
2020-07,7470.0,3,100.0
2020-07,7484.0,[3 3],200.0
2020-07,7582.0,[4 4],200.0
2020-07,7638.0,[4 2],200.0
2020-07,7657.0,3,100.0
2020-07,7658.0,3,50.0
2020-07,7661.0,[3 3],200.0
2020-07,7674.0,[4 4],200.0
2020-07,7691.0,[2 4],200.0
2020-07,7701.0,[3 3],200.0
2020-07,7760.0,3,100.0
2020-07,7826.0,[2 4],200.0
2020-07,7844.0,3,100.0
2020-07,7855.0,4,100.0
2020-07,7865.0,3,100.0
2020-07,7918.0,3,100.0
2020-07,7921.0,3,50.0
2020-07,7930.0,[2 3],200.0
2020-07,7938.0,3,50.0
2020-07,7967.0,[4 4],200.0
2020-07,7999.0,[3 3],200.0
2020-07,8104.0,3,100.0
2020-07,8108.0,[2 4],100.0
2020-07,8144.0,[2 4],100.0
2020-07,8146.0,[4 2],200.0
2020-07,8226.0,[4 4],200.0
2020-07,8231.0,[3 3],200.0
2020-07,8284.0,[4 4],200.0
2020-07,8348.0,3,100.0
2020-07,8354.0,3,50.0
2020-07,8386.0,[nan  4.],200.0
2020-07,8404.0,4,100.0
2020-07,8406.0,[4 4],200.0
2020-07,8463.0,3,100.0
2020-07,8474.0,3,100.0
2020-07,8476.0,[4 4],200.0
2020-07,8519.0,3,100.0
2020-07,8543.0,[4 4],200.0
2020-07,8565.0,[4 4],100.0
2020-07,8604.0,[3 3],200.0
2020-07,8617.0,3,50.0
2020-07,8633.0,3,50.0
2020-07,8665.0,[4 2 4],150.0
2020-07,8675.0,3,100.0
2020-07,8811.0,3,60.0
2020-07,8879.0,[4 4],200.0
2020-07,8934.0,4,100.0
2020-07,8948.0,[3 3],200.0
2020-07,8952.0,[4 4],200.0
2020-07,9079.0,[4 4],200.0
2020-07,9110.0,[3 3],100.0
2020-07,9213.0,[4 4],100.0
2020-07,9333.0,4,60.0
2020-07,9440.0,[4 4],100.0
2020-07,9466.0,[3 3],200.0
2020-07,9467.0,[4 4],200.0
2020-07,9585.0,3,70.0
2020-07,9595.0,3,50.0
2020-07,9667.0,[3 3],100.0
2020-07,9670.0,3,100.0
2020-07,9713.0,3,50.0
2020-07,9720.0,[4 4],60.0
2020-07,9797.0,,100.0
2020-07,9816.0,4,70.0
2020-07,9822.0,[2 4],100.0
2020-07,9894.0,[3 3],200.0
2020-07,9984.0,3,100.0
2020-07,10019.0,3,100.0
2020-07,10092.0,3,100.0
2020-07,10128.0,[3 3],100.0
2020-07,10132.0,3,100.0
2020-07,10133.0,3,100.0
2020-07,10158.0,[4 4],200.0
2020-07,10173.0,4,50.0
2020-07,10229.0,3,100.0
2020-07,10235.0,3,50.0
2020-07,10267.0,[4 4],200.0
2020-07,10315.0,3,100.0
2020-07,10342.0,[3 3],200.0
2020-07,10349.0,3,100.0
2020-07,10378.0,[4 2],100.0
2020-07,10396.0,4,100.0
2020-07,10397.0,4,100.0
2020-08,10436.0,4,50.0
2020-08,10455.0,2,100.0
2020-08,10487.0,[2 2],100.0
2020-08,10513.0,3,100.0
2020-08,10585.0,4,100.0
2020-08,10604.0,2,100.0
2020-08,10619.0,3,70.0
2020-08,10761.0,4,100.0
2020-08,10765.0,4,50.0
2020-08,10777.0,3,100.0
2020-08,10914.0,[3 3],100.0
2020-08,10951.0,3,50.0
2020-08,10965.0,3,100.0
2020-08,11042.0,[4 4],200.0
2020-08,11072.0,4,100.0
2020-08,11140.0,4,100.0
2020-08,11336.0,4,50.0
2020-08,11369.0,4,50.0
2020-08,11398.0,4,50.0
2020-08,11427.0,3,100.0
2020-08,11428.0,3,100.0
2020-08,11445.0,3,100.0
2020-08,11461.0,2,50.0
2020-08,11495.0,4,100.0
2020-08,11503.0,2,100.0
2020-08,11668.0,4,100.0
2020-08,11689.0,4,100.0
2020-08,11707.0,4,100.0
2020-08,11714.0,3,100.0
2020-08,11764.0,3,100.0
2020-08,11800.0,3,100.0
2020-08,11840.0,4,50.0
2020-08,11875.0,3,100.0
2020-08,11877.0,4,100.0
2020-08,11882.0,4,100.0
2020-08,11954.0,4,50.0
2020-08,12001.0,3,100.0
2020-08,12027.0,4,100.0
2020-08,12091.0,4,100.0
2020-08,12107.0,3,50.0
2020-08,12187.0,4,100.0
2020-08,12361.0,4,100.0
2020-08,12389.0,4,100.0
2020-08,12447.0,3,100.0
2020-08,12452.0,3,50.0
2020-08,12468.0,[4 4],100.0
2020-08,12469.0,3,45.0
2020-08,12477.0,4,100.0
2020-08,12499.0,3,100.0
2020-08,12520.0,3,100.0
2020-08,12540.0,,50.0
2020-08,12557.0,,100.0
2020-08,12623.0,3,50.0
2020-08,12658.0,3,100.0
2020-08,12691.0,3,50.0
2020-08,12697.0,3,100.0
2020-08,12710.0,2,50.0
2020-08,12716.0,4,50.0
2020-08,12744.0,3,100.0
2020-08,12903.0,4,50.0
2020-08,12906.0,4,100.0
2020-08,12932.0,3,100.0
2020-08,12952.0,3,30.0
2020-08,13056.0,4,100.0
2020-08,13072.0,3,50.0
2020-08,13092.0,3,100.0
2020-08,13289.0,3,100.0
2020-08,13320.0,4,50.0
2020-08,13330.0,4,100.0
2020-08,13338.0,2,100.0
2020-08,13365.0,3,100.0
2020-08,13431.0,4,100.0
2020-08,13468.0,3,100.0
2020-08,13564.0,3,50.0
2020-08,13742.0,2,100.0
2020-08,13765.0,3,100.0
2020-08,13819.0,4,45.0
2020-08,13822.0,3,50.0
2020-08,13877.0,3,50.0
2020-08,14076.0,2,50.0
2020-08,14150.0,3,20.0
2020-05,1556.0,3,200.0
2020-05,1566.0,3,100.0
2020-05,1625.0,2,100.0
2020-05,1655.0,3,100.0
2020-05,1682.0,3,100.0
2020-05,1773.0,3,100.0
2020-05,1859.0,3,100.0
2020-05,1880.0,4,100.0
2020-05,2009.0,3,100.0
2020-05,2118.0,3,100.0
2020-05,2134.0,3,100.0
2020-05,2201.0,3,100.0
2020-05,2220.0,3,100.0
2020-05,2265.0,2,100.0
2020-05,2266.0,3,20.0
2020-05,2283.0,3,50.0
2020-05,2286.0,3,100.0
2020-05,2289.0,3,100.0
2020-05,2294.0,3,100.0
2020-05,2300.0,3,100.0
2020-05,2327.0,3,100.0
2020-05,2339.0,3,100.0
2020-05,2340.0,3,100.0
2020-05,2345.0,3,100.0
2020-05,2347.0,3,70.0
2020-05,2358.0,3,100.0
2020-05,2380.0,3,100.0
2020-05,2385.0,3,50.0
2020-05,2396.0,3,100.0
2020-05,2403.0,3,100.0
2020-06,2409.0,3,70.0
2020-06,2430.0,3,100.0
2020-06,2435.0,3,100.0
2020-06,2438.0,3,100.0
2020-06,2455.0,3,100.0
2020-06,2456.0,3,100.0
2020-06,2457.0,3,100.0
2020-06,2465.0,3,50.0
2020-06,2466.0,3,50.0
2020-06,2468.0,3,100.0
2020-06,2507.0,3,100.0
2020-06,2518.0,3,100.0
2020-06,2521.0,3,50.0
2020-06,2533.0,3,100.0
2020-06,2544.0,3,100.0
2020-06,2549.0,3,100.0
2020-06,2554.0,4,100.0
2020-06,2560.0,4,100.0
2020-06,2570.0,3,50.0
2020-06,2583.0,2,100.0
2020-06,2594.0,3,70.0
2020-06,2604.0,3,100.0
2020-06,2612.0,3,100.0
2020-06,2615.0,3,50.0
2020-06,2616.0,3,100.0
2020-06,2620.0,3,100.0
2020-06,2621.0,3,100.0
2020-06,2622.0,3,100.0
2020-06,2624.0,3,100.0
2020-06,2625.0,3,100.0
2020-06,2626.0,3,100.0
2020-06,2628.0,3,100.0
2020-06,2634.0,3,100.0
2020-06,2639.0,3,100.0
2020-06,2640.0,3,100.0
2020-06,2641.0,4,100.0
2020-06,2649.0,3,70.0
2020-06,2650.0,3,100.0
2020-06,2652.0,3,100.0
2020-06,2654.0,3,20.0
2020-06,2656.0,3,100.0
2020-06,2659.0,3,80.0
2020-06,2668.0,3,90.0
2020-06,2676.0,3,100.0
2020-06,2682.0,4,100.0
2020-06,2685.0,3,50.0
2020-06,2694.0,3,100.0
2020-06,2698.0,3,100.0
2020-06,2704.0,3,100.0
2020-06,2705.0,3,100.0
2020-06,2706.0,3,100.0
2020-06,2710.0,3,100.0
2020-06,2713.0,3,50.0
2020-06,2738.0,2,100.0
2020-06,2739.0,4,100.0
2020-06,2741.0,2,100.0
2020-06,2771.0,3,100.0
2020-06,2773.0,3,100.0
2020-06,2785.0,3,100.0
2020-06,2787.0,3,100.0
2020-06,2793.0,3,100.0
2020-06,2794.0,3,100.0
2020-06,2795.0,3,100.0
2020-06,2811.0,2,100.0
2020-06,2822.0,3,100.0
2020-06,2848.0,3,100.0
2020-06,2852.0,4,100.0
2020-06,2856.0,4,100.0
2020-06,2860.0,3,100.0
2020-06,2868.0,3,100.0
2020-06,2878.0,3,100.0
2020-06,2880.0,3,100.0
2020-06,2894.0,3,100.0
2020-06,2895.0,3,100.0
2020-06,2901.0,3,50.0
2020-06,2913.0,2,50.0
2020-06,2922.0,3,100.0
2020-06,2924.0,3,100.0
2020-06,2928.0,3,100.0
2020-06,2943.0,3,100.0
2020-06,2945.0,3,100.0
2020-06,2958.0,3,100.0
2020-06,2970.0,3,100.0
2020-06,2977.0,3,100.0
2020-06,2989.0,3,100.0
2020-06,3000.0,3,100.0
2020-06,3002.0,3,100.0
2020-06,3022.0,3,50.0
2020-06,3027.0,3,50.0
2020-06,3047.0,4,100.0
2020-06,3053.0,4,100.0
2020-06,3056.0,3,100.0
2020-06,3061.0,4,100.0
2020-06,3068.0,3,100.0
2020-06,3084.0,3,100.0
2020-06,3087.0,3,100.0
2020-06,3090.0,3,100.0
2020-06,3093.0,3,100.0
2020-06,3094.0,3,100.0
2020-06,3117.0,3,100.0
2020-06,3120.0,3,100.0
2020-06,3123.0,3,100.0
2020-06,3141.0,3,100.0
2020-06,3160.0,3,80.0
2020-06,3163.0,3,100.0
2020-06,3175.0,3,100.0
2020-06,3181.0,3,50.0
2020-06,3183.0,3,100.0
2020-06,3195.0,3,100.0
2020-06,3208.0,3,100.0
2020-06,3211.0,3,100.0
2020-06,3221.0,3,100.0
2020-06,3225.0,3,100.0
2020-06,3228.0,3,100.0
2020-06,3229.0,3,100.0
2020-06,3235.0,3,100.0
2020-06,3240.0,3,100.0
2020-06,3246.0,3,100.0
2020-06,3247.0,3,100.0
2020-06,3251.0,3,100.0
2020-06,3271.0,3,100.0
2020-06,3275.0,3,100.0
2020-06,3312.0,3,100.0
2020-06,3332.0,3,50.0
2020-06,3352.0,2,50.0
2020-06,3353.0,3,50.0
2020-06,3360.0,3,60.0
2020-06,3365.0,,100.0
2020-06,3384.0,3,100.0
2020-06,3387.0,3,100.0
2020-06,3398.0,3,100.0
2020-06,3404.0,2,100.0
2020-06,3407.0,3,100.0
2020-06,3433.0,3,100.0
2020-06,3485.0,3,70.0
2020-06,3496.0,3,50.0
2020-06,3499.0,3,40.0
2020-06,3504.0,3,100.0
2020-06,3531.0,3,50.0
2020-06,3534.0,3,60.0
2020-06,3593.0,3,50.0
2020-06,3599.0,4,100.0
2020-06,3611.0,4,100.0
2020-06,3625.0,4,100.0
2020-06,3635.0,2,100.0
2020-06,3639.0,3,50.0
2020-06,3646.0,3,100.0
2020-06,3647.0,3,100.0
2020-06,3648.0,3,100.0
2020-06,3661.0,3,100.0
2020-06,3676.0,3,100.0
2020-06,3700.0,3,100.0
2020-06,3701.0,3,100.0
2020-06,3705.0,2,100.0
2020-06,3710.0,3,100.0
2020-06,3737.0,3,100.0
2020-06,3740.0,3,100.0
2020-06,3742.0,3,100.0
2020-06,3743.0,3,100.0
2020-06,3752.0,3,80.0
2020-06,3754.0,3,50.0
2020-06,3785.0,3,50.0
2020-06,3804.0,3,100.0
2020-06,3809.0,3,100.0
2020-06,3811.0,3,70.0
2020-06,3813.0,3,100.0
2020-06,3853.0,3,100.0
2020-06,3857.0,4,100.0
2020-06,3871.0,3,60.0
2020-06,3877.0,3,100.0
2020-06,3881.0,3,60.0
2020-06,3898.0,2,100.0
2020-06,3901.0,2,100.0
2020-06,3903.0,3,100.0
2020-06,3925.0,4,100.0
2020-06,3939.0,3,100.0
2020-06,3952.0,3,100.0
2020-06,3992.0,3,50.0
2020-06,3997.0,,100.0
2020-06,3999.0,3,100.0
2020-06,4004.0,3,100.0
2020-06,4009.0,3,100.0
2020-06,4014.0,3,100.0
2020-06,4019.0,3,100.0
2020-06,4040.0,3,100.0
2020-06,4044.0,3,100.0
2020-06,4047.0,4,100.0
2020-06,4065.0,3,100.0
2020-06,4080.0,3,100.0
2020-06,4083.0,2,100.0
2020-06,4086.0,3,100.0
2020-06,4087.0,3,100.0
2020-06,4093.0,3,100.0
2020-06,4112.0,3,100.0
2020-06,4117.0,2,100.0
2020-06,4143.0,3,100.0
2020-06,4196.0,3,100.0
2020-06,4223.0,4,60.0
2020-06,4226.0,3,100.0
2020-06,4229.0,3,100.0
2020-06,4230.0,3,100.0
2020-06,4239.0,3,100.0
2020-06,4241.0,3,100.0
2020-06,4247.0,3,100.0
2020-06,4248.0,3,100.0
2020-06,4257.0,3,100.0
2020-06,4261.0,3,100.0
2020-06,4290.0,3,100.0
2020-06,4302.0,3,100.0
2020-06,4314.0,3,100.0
2020-06,4321.0,3,100.0
2020-06,4333.0,3,100.0
2020-06,4353.0,3,100.0
2020-06,4359.0,3,50.0
2020-06,4362.0,3,100.0
2020-06,4367.0,3,100.0
2020-06,4370.0,3,100.0
2020-06,4373.0,3,100.0
2020-06,4410.0,3,100.0
2020-06,4453.0,3,100.0
2020-06,4468.0,3,100.0
2020-06,4474.0,3,100.0
2020-06,4485.0,4,100.0
2020-06,4489.0,3,100.0
2020-06,4490.0,3,100.0
2020-06,4503.0,3,100.0
2020-06,4524.0,3,100.0
2020-06,4543.0,3,50.0
2020-06,4545.0,3,50.0
2020-06,4563.0,3,100.0
2020-06,4564.0,4,100.0
2020-06,4574.0,3,100.0
2020-06,4576.0,3,100.0
2020-06,4611.0,3,100.0
2020-06,4615.0,3,100.0
2020-06,4645.0,3,100.0
2020-06,4657.0,3,100.0
2020-06,4680.0,3,100.0
2020-06,4703.0,3,80.0
2020-06,4708.0,4,100.0
2020-06,4711.0,3,100.0
2020-06,4740.0,3,100.0
2020-06,4774.0,3,100.0
2020-06,4791.0,3,45.0
2020-06,4797.0,3,100.0
2020-06,4885.0,3,100.0
2020-06,4889.0,3,100.0
2020-06,4895.0,3,50.0
2020-06,4899.0,3,50.0
2020-06,4908.0,3,100.0
2020-06,4910.0,3,100.0
2020-06,4919.0,3,50.0
2020-06,4920.0,4,100.0
2020-06,4926.0,3,100.0
2020-06,4928.0,3,50.0
2020-06,4944.0,3,100.0
2020-06,4956.0,4,50.0
2020-06,4973.0,3,100.0
2020-06,4981.0,3,100.0
2020-06,4989.0,3,50.0
2020-06,4997.0,3,100.0
2020-06,5006.0,3,100.0
2020-06,5018.0,3,100.0
2020-06,5019.0,3,100.0
2020-06,5043.0,3,100.0
2020-06,5044.0,3,100.0
2020-06,5080.0,3,100.0
2020-06,5103.0,3,100.0
2020-06,5110.0,3,100.0
2020-06,5122.0,3,50.0
2020-06,5123.0,4,100.0
2020-06,5342.0,3,100.0
2020-06,5371.0,3,100.0
2020-06,5379.0,3,100.0
2020-06,5383.0,3,50.0
2020-06,5433.0,3,100.0
2020-06,5462.0,3,50.0
2020-06,5500.0,3,50.0
2020-06,5523.0,3,100.0
2020-06,5529.0,3,50.0
2020-06,5531.0,3,100.0
2020-06,5542.0,3,100.0
2020-06,5560.0,3,100.0
2020-06,5568.0,3,100.0
2020-06,5598.0,3,100.0
2020-06,5603.0,3,100.0
2020-06,5618.0,3,100.0
2020-06,5625.0,3,100.0
2020-06,5657.0,3,100.0
2020-06,5665.0,3,100.0
2020-06,5686.0,3,100.0
2020-06,5698.0,3,50.0
2020-06,5714.0,4,100.0
2020-06,5752.0,3,100.0
2020-06,5788.0,3,100.0
2020-06,5791.0,3,100.0
2020-06,5809.0,4,100.0
2020-06,5839.0,3,100.0
2020-06,5868.0,3,50.0
2020-06,5883.0,3,100.0
2020-06,5887.0,3,100.0
2020-06,5891.0,3,60.0
2020-06,5911.0,3,100.0
2020-06,5914.0,3,100.0
2020-06,5919.0,3,100.0
2020-06,5925.0,3,100.0
2020-06,5927.0,3,100.0
2020-06,5947.0,3,100.0
2020-06,5958.0,3,100.0
2020-06,5967.0,3,100.0
2020-06,5971.0,3,100.0
2020-06,5979.0,3,100.0
2020-06,5988.0,3,100.0
2020-06,5989.0,3,100.0
2020-06,6004.0,3,100.0
2020-06,6006.0,4,50.0
2020-06,6012.0,3,50.0
2020-06,6015.0,3,100.0
2020-06,6017.0,3,100.0
2020-06,6026.0,4,100.0
2020-06,6032.0,3,100.0
2020-06,6033.0,3,20.0
2020-06,6040.0,3,100.0
2020-07,6046.0,4,100.0
2020-07,6047.0,3,100.0
2020-07,6053.0,4,100.0
2020-07,6059.0,3,100.0
2020-07,6065.0,3,100.0
2020-07,6082.0,3,100.0
2020-07,6098.0,4,100.0
2020-07,6104.0,3,50.0
2020-07,6113.0,3,100.0
2020-07,6114.0,3,50.0
2020-07,6120.0,3,100.0
2020-07,6156.0,3,20.0
2020-07,6174.0,4,100.0
2020-07,6182.0,3,50.0
2020-07,6192.0,3,100.0
2020-07,6205.0,4,100.0
2020-07,6234.0,3,50.0
2020-07,6258.0,3,100.0
2020-07,6271.0,3,100.0
2020-07,6284.0,3,50.0
2020-07,6289.0,4,100.0
2020-07,6305.0,3,100.0
2020-07,6312.0,3,100.0
2020-07,6317.0,3,100.0
2020-07,6318.0,3,100.0
2020-07,6319.0,3,100.0
2020-07,6322.0,3,50.0
2020-07,6334.0,3,100.0
2020-07,6357.0,,100.0
2020-07,6372.0,3,100.0
2020-07,6393.0,3,100.0
2020-07,6413.0,3,100.0
2020-07,6430.0,3,100.0
2020-07,6433.0,4,100.0
2020-07,6437.0,3,100.0
2020-07,6477.0,3,100.0
2020-07,6487.0,4,50.0
2020-07,6494.0,4,15.0
2020-07,6510.0,3,100.0
2020-07,6535.0,3,100.0
2020-07,6541.0,4,100.0
2020-07,6549.0,3,30.0
2020-07,6561.0,3,100.0
2020-07,6563.0,3,100.0
2020-07,6574.0,3,100.0
2020-07,6578.0,3,100.0
2020-07,6582.0,4,100.0
2020-07,6589.0,3,60.0
2020-07,6599.0,3,100.0
2020-07,6606.0,4,100.0
2020-07,6610.0,3,100.0
2020-07,6616.0,3,50.0
2020-07,6619.0,3,50.0
2020-07,6620.0,3,100.0
2020-07,6624.0,3,50.0
2020-07,6625.0,3,100.0
2020-07,6626.0,3,50.0
2020-07,6642.0,3,100.0
2020-07,6647.0,3,100.0
2020-07,6653.0,4,100.0
2020-07,6663.0,4,100.0
2020-07,6675.0,3,100.0
2020-07,6688.0,3,100.0
2020-07,6708.0,3,100.0
2020-07,6711.0,3,50.0
2020-07,6712.0,3,100.0
2020-07,6718.0,3,100.0
2020-07,6732.0,3,100.0
2020-07,6744.0,4,100.0
2020-07,6749.0,3,100.0
2020-07,6750.0,4,20.0
2020-07,6768.0,4,100.0
2020-07,6785.0,3,100.0
2020-07,6788.0,3,100.0
2020-07,6789.0,3,100.0
2020-07,6791.0,3,100.0
2020-07,6803.0,4,100.0
2020-07,6811.0,4,100.0
2020-07,6824.0,3,100.0
2020-07,6827.0,3,100.0
2020-07,6829.0,3,100.0
2020-07,6833.0,2,50.0
2020-07,6839.0,4,100.0
2020-07,6847.0,3,100.0
2020-07,6852.0,4,100.0
2020-07,6862.0,3,100.0
2020-07,6869.0,3,100.0
2020-07,6894.0,3,100.0
2020-07,6905.0,3,100.0
2020-07,6913.0,4,50.0
2020-07,6927.0,4,100.0
2020-07,6934.0,,100.0
2020-07,6939.0,4,100.0
2020-07,6941.0,3,90.0
2020-07,6942.0,3,100.0
2020-07,6943.0,4,100.0
2020-07,6945.0,3,100.0
2020-07,6953.0,3,100.0
2020-07,6957.0,3,100.0
2020-07,6960.0,3,100.0
2020-07,6961.0,3,100.0
2020-07,6968.0,4,100.0
2020-07,6979.0,3,100.0
2020-07,6982.0,3,100.0
2020-07,6984.0,3,100.0
2020-07,6986.0,3,50.0
2020-07,6987.0,3,100.0
2020-07,6990.0,3,100.0
2020-07,6995.0,3,100.0
2020-07,7006.0,3,100.0
2020-07,7007.0,2,100.0
2020-07,7008.0,3,100.0
2020-07,7010.0,3,100.0
2020-07,7014.0,4,100.0
2020-07,7016.0,4,100.0
2020-07,7017.0,3,100.0
2020-07,7020.0,3,100.0
2020-07,7026.0,4,100.0
2020-07,7027.0,3,100.0
2020-07,7037.0,3,100.0
2020-07,7038.0,3,100.0
2020-07,7052.0,3,100.0
2020-07,7056.0,4,100.0
2020-07,7060.0,3,100.0
2020-07,7061.0,3,100.0
2020-07,7070.0,3,100.0
2020-07,7072.0,3,100.0
2020-07,7077.0,3,50.0
2020-07,7087.0,3,100.0
2020-07,7102.0,3,100.0
2020-07,7104.0,3,100.0
2020-07,7110.0,3,100.0
2020-07,7112.0,4,100.0
2020-07,7120.0,4,30.0
2020-07,7129.0,3,100.0
2020-07,7137.0,3,100.0
2020-07,7138.0,3,100.0
2020-07,7139.0,4,100.0
2020-07,7146.0,3,100.0
2020-07,7154.0,3,100.0
2020-07,7170.0,4,100.0
2020-07,7187.0,3,100.0
2020-07,7196.0,3,100.0
2020-07,7199.0,3,100.0
2020-07,7200.0,3,100.0
2020-07,7234.0,4,100.0
2020-07,7285.0,3,100.0
2020-07,7296.0,3,100.0
2020-07,7298.0,3,100.0
2020-07,7306.0,3,100.0
2020-07,7317.0,[2 4],200.0
2020-07,7333.0,4,100.0
2020-07,7334.0,4,100.0
2020-07,7336.0,3,100.0
2020-07,7341.0,3,80.0
2020-07,7346.0,3,100.0
2020-07,7353.0,4,100.0
2020-07,7368.0,3,100.0
2020-07,7370.0,3,50.0
2020-07,7380.0,3,100.0
2020-07,7389.0,3,50.0
2020-07,7407.0,4,100.0
2020-07,7408.0,3,100.0
2020-07,7428.0,3,100.0
2020-07,7470.0,3,100.0
2020-07,7484.0,3,100.0
2020-07,7502.0,3,45.0
2020-07,7529.0,3,100.0
2020-07,7569.0,3,100.0
2020-07,7582.0,4,100.0
2020-07,7607.0,3,100.0
2020-07,7615.0,3,50.0
2020-07,7618.0,3,100.0
2020-07,7638.0,4,100.0
2020-07,7657.0,3,100.0
2020-07,7658.0,3,50.0
2020-07,7660.0,3,100.0
2020-07,7661.0,3,100.0
2020-07,7671.0,3,100.0
2020-07,7674.0,4,100.0
2020-07,7678.0,3,95.0
2020-07,7689.0,3,100.0
2020-07,7691.0,4,100.0
2020-07,7701.0,3,100.0
2020-07,7760.0,3,100.0
2020-07,7798.0,3,50.0
2020-07,7814.0,3,100.0
2020-07,7826.0,4,100.0
2020-07,7830.0,3,100.0
2020-07,7844.0,3,100.0
2020-07,7850.0,3,100.0
2020-07,7855.0,4,100.0
2020-07,7865.0,3,100.0
2020-07,7910.0,3,100.0
2020-07,7918.0,3,100.0
2020-07,7921.0,3,50.0
2020-07,7930.0,3,100.0
2020-07,7934.0,3,50.0
2020-07,7938.0,3,50.0
2020-07,7967.0,4,100.0
2020-07,7976.0,4,100.0
2020-07,7980.0,3,100.0
2020-07,7990.0,4,100.0
2020-07,7999.0,3,100.0
2020-07,8037.0,3,100.0
2020-07,8093.0,3,100.0
2020-07,8104.0,3,100.0
2020-07,8108.0,4,50.0
2020-07,8124.0,3,100.0
2020-07,8144.0,4,50.0
2020-07,8146.0,4,100.0
2020-07,8154.0,3,100.0
2020-07,8180.0,3,100.0
2020-07,8182.0,3,100.0
2020-07,8199.0,3,100.0
2020-07,8202.0,3,100.0
2020-07,8205.0,3,100.0
2020-07,8207.0,3,70.0
2020-07,8216.0,3,100.0
2020-07,8226.0,4,100.0
2020-07,8229.0,3,100.0
2020-07,8231.0,3,100.0
2020-07,8234.0,3,100.0
2020-07,8248.0,3,100.0
2020-07,8249.0,3,100.0
2020-07,8264.0,3,100.0
2020-07,8277.0,3,100.0
2020-07,8284.0,4,100.0
2020-07,8312.0,3,100.0
2020-07,8318.0,3,100.0
2020-07,8335.0,3,100.0
2020-07,8338.0,3,100.0
2020-07,8340.0,3,100.0
2020-07,8343.0,3,100.0
2020-07,8348.0,3,100.0
2020-07,8354.0,3,50.0
2020-07,8356.0,3,100.0
2020-07,8386.0,4,100.0
2020-07,8404.0,4,100.0
2020-07,8406.0,4,100.0
2020-07,8443.0,3,100.0
2020-07,8452.0,3,100.0
2020-07,8461.0,3,100.0
2020-07,8463.0,3,100.0
2020-07,8474.0,3,100.0
2020-07,8475.0,3,100.0
2020-07,8476.0,4,100.0
2020-07,8477.0,4,100.0
2020-07,8519.0,3,100.0
2020-07,8523.0,3,100.0
2020-07,8526.0,3,100.0
2020-07,8528.0,3,100.0
2020-07,8543.0,4,100.0
2020-07,8551.0,3,100.0
2020-07,8565.0,4,50.0
2020-07,8587.0,4,50.0
2020-07,8604.0,3,100.0
2020-07,8617.0,3,50.0
2020-07,8628.0,3,100.0
2020-07,8633.0,3,50.0
2020-07,8649.0,3,100.0
2020-07,8655.0,3,50.0
2020-07,8665.0,4,50.0
2020-07,8675.0,3,100.0
2020-07,8677.0,3,50.0
2020-07,8692.0,3,50.0
2020-07,8702.0,3,100.0
2020-07,8712.0,3,100.0
2020-07,8713.0,3,100.0
2020-07,8716.0,3,100.0
2020-07,8735.0,3,100.0
2020-07,8751.0,3,100.0
2020-07,8755.0,3,50.0
2020-07,8781.0,3,100.0
2020-07,8803.0,4,100.0
2020-07,8811.0,3,60.0
2020-07,8856.0,3,100.0
2020-07,8865.0,3,50.0
2020-07,8879.0,3,100.0
2020-07,8880.0,3,100.0
2020-07,8890.0,3,20.0
2020-07,8931.0,3,100.0
2020-07,8934.0,4,100.0
2020-07,8948.0,3,100.0
2020-07,8951.0,3,25.0
2020-07,8952.0,4,100.0
2020-07,8964.0,3,40.0
2020-07,8973.0,3,20.0
2020-07,8977.0,3,50.0
2020-07,8989.0,3,20.0
2020-07,9005.0,3,100.0
2020-07,9079.0,4,100.0
2020-07,9082.0,3,50.0
2020-07,9083.0,3,50.0
2020-07,9110.0,3,50.0
2020-07,9136.0,3,80.0
2020-07,9154.0,3,100.0
2020-07,9213.0,4,50.0
2020-07,9214.0,3,50.0
2020-07,9217.0,3,60.0
2020-07,9223.0,3,100.0
2020-07,9281.0,3,50.0
2020-07,9285.0,3,100.0
2020-07,9289.0,3,100.0
2020-07,9296.0,3,100.0
2020-07,9311.0,3,100.0
2020-07,9327.0,3,50.0
2020-07,9333.0,4,60.0
2020-07,9351.0,3,100.0
2020-07,9354.0,3,100.0
2020-07,9395.0,3,50.0
2020-07,9397.0,3,100.0
2020-07,9440.0,4,50.0
2020-07,9449.0,3,100.0
2020-07,9454.0,3,50.0
2020-07,9460.0,3,100.0
2020-07,9466.0,3,100.0
2020-07,9467.0,3,100.0
2020-07,9491.0,3,100.0
2020-07,9498.0,3,20.0
2020-07,9507.0,3,50.0
2020-07,9556.0,3,100.0
2020-07,9584.0,3,100.0
2020-07,9585.0,3,70.0
2020-07,9595.0,3,50.0
2020-07,9596.0,3,100.0
2020-07,9603.0,3,100.0
2020-07,9606.0,3,90.0
2020-07,9608.0,3,100.0
2020-07,9627.0,3,100.0
2020-07,9648.0,3,50.0
2020-07,9651.0,3,50.0
2020-07,9659.0,3,40.0
2020-07,9667.0,3,50.0
2020-07,9670.0,3,100.0
2020-07,9713.0,3,50.0
2020-07,9720.0,4,30.0
2020-07,9738.0,3,100.0
2020-07,9797.0,,100.0
2020-07,9808.0,3,10.0
2020-07,9816.0,4,70.0
2020-07,9817.0,3,50.0
2020-07,9822.0,3,50.0
2020-07,9824.0,3,100.0
2020-07,9830.0,3,50.0
2020-07,9842.0,3,100.0
2020-07,9860.0,3,30.0
2020-07,9894.0,3,100.0
2020-07,9903.0,3,100.0
2020-07,9913.0,3,100.0
2020-07,9937.0,3,100.0
2020-07,9969.0,3,50.0
2020-07,9971.0,3,100.0
2020-07,9984.0,3,100.0
2020-07,9988.0,4,50.0
2020-07,9992.0,3,100.0
2020-07,10019.0,3,100.0
2020-07,10022.0,3,20.0
2020-07,10030.0,3,100.0
2020-07,10037.0,3,50.0
2020-07,10062.0,3,100.0
2020-07,10067.0,4,100.0
2020-07,10078.0,3,50.0
2020-07,10083.0,3,50.0
2020-07,10088.0,3,50.0
2020-07,10092.0,3,100.0
2020-07,10128.0,3,50.0
2020-07,10132.0,3,100.0
2020-07,10133.0,3,100.0
2020-07,10158.0,4,100.0
2020-07,10173.0,4,50.0
2020-07,10179.0,3,100.0
2020-07,10187.0,4,50.0
2020-07,10224.0,3,100.0
2020-07,10229.0,3,100.0
2020-07,10235.0,3,50.0
2020-07,10255.0,3,100.0
2020-07,10262.0,3,100.0
2020-07,10267.0,4,100.0
2020-07,10281.0,3,100.0
2020-07,10287.0,4,100.0
2020-07,10292.0,3,100.0
2020-07,10295.0,3,100.0
2020-07,10310.0,3,100.0
2020-07,10315.0,3,100.0
2020-07,10319.0,3,100.0
2020-07,10342.0,3,100.0
2020-07,10347.0,3,100.0
2020-07,10349.0,3,100.0
2020-07,10353.0,3,100.0
2020-07,10356.0,3,100.0
2020-07,10358.0,4,100.0
2020-07,10378.0,3,50.0
2020-07,10390.0,3,100.0
2020-07,10396.0,4,100.0
2020-07,10397.0,4,100.0
2020-07,10401.0,3,100.0
2020-08,10402.0,3,100.0
2020-08,10415.0,3,100.0
2020-08,10419.0,3,100.0
2020-08,10431.0,3,100.0
2020-08,10436.0,3,50.0
2020-08,10455.0,4,100.0
2020-08,10457.0,4,50.0
2020-08,10460.0,3,100.0
2020-08,10479.0,3,70.0
2020-08,10485.0,3,100.0
2020-08,10487.0,2,50.0
2020-08,10496.0,4,50.0
2020-08,10513.0,3,100.0
2020-08,10514.0,3,100.0
2020-08,10523.0,3,100.0
2020-08,10526.0,3,100.0
2020-08,10527.0,3,100.0
2020-08,10535.0,3,50.0
2020-08,10541.0,3,100.0
2020-08,10548.0,3,100.0
2020-08,10573.0,3,100.0
2020-08,10580.0,4,100.0
2020-08,10585.0,2,100.0
2020-08,10601.0,3,100.0
2020-08,10604.0,2,100.0
2020-08,10608.0,3,100.0
2020-08,10612.0,3,100.0
2020-08,10619.0,3,70.0
2020-08,10625.0,3,100.0
2020-08,10636.0,3,100.0
2020-08,10645.0,4,50.0
2020-08,10658.0,3,100.0
2020-08,10703.0,3,100.0
2020-08,10714.0,3,50.0
2020-08,10754.0,3,50.0
2020-08,10761.0,2,100.0
2020-08,10765.0,4,50.0
2020-08,10769.0,3,50.0
2020-08,10777.0,3,100.0
2020-08,10792.0,3,50.0
2020-08,10817.0,3,50.0
2020-08,10820.0,3,11.0
2020-08,10826.0,2,100.0
2020-08,10839.0,3,50.0
2020-08,10848.0,3,50.0
2020-08,10871.0,3,100.0
2020-08,10874.0,3,100.0
2020-08,10880.0,3,100.0
2020-08,10884.0,3,100.0
2020-08,10886.0,3,100.0
2020-08,10891.0,4,100.0
2020-08,10902.0,3,100.0
2020-08,10910.0,3,100.0
2020-08,10914.0,3,50.0
2020-08,10951.0,3,50.0
2020-08,10956.0,3,50.0
2020-08,10965.0,3,100.0
2020-08,10966.0,3,100.0
2020-08,10981.0,3,50.0
2020-08,10986.0,3,100.0
2020-08,10995.0,4,50.0
2020-08,10999.0,3,100.0
2020-08,11011.0,3,50.0
2020-08,11014.0,3,50.0
2020-08,11020.0,3,100.0
2020-08,11023.0,3,100.0
2020-08,11035.0,3,100.0
2020-08,11042.0,4,100.0
2020-08,11050.0,3,50.0
2020-08,11053.0,3,100.0
2020-08,11070.0,3,100.0
2020-08,11072.0,4,100.0
2020-08,11076.0,3,50.0
2020-08,11091.0,3,65.0
2020-08,11093.0,4,50.0
2020-08,11106.0,4,100.0
2020-08,11112.0,3,100.0
2020-08,11123.0,3,30.0
2020-08,11124.0,3,50.0
2020-08,11126.0,3,50.0
2020-08,11133.0,3,50.0
2020-08,11140.0,4,100.0
2020-08,11147.0,3,100.0
2020-08,11153.0,4,50.0
2020-08,11161.0,3,50.0
2020-08,11186.0,3,50.0
2020-08,11193.0,3,100.0
2020-08,11195.0,3,50.0
2020-08,11210.0,3,100.0
2020-08,11234.0,3,100.0
2020-08,11237.0,3,100.0
2020-08,11242.0,3,50.0
2020-08,11261.0,3,100.0
2020-08,11277.0,3,100.0
2020-08,11278.0,3,100.0
2020-08,11296.0,3,100.0
2020-08,11298.0,3,100.0
2020-08,11306.0,3,50.0
2020-08,11314.0,3,100.0
2020-08,11316.0,3,50.0
2020-08,11322.0,3,50.0
2020-08,11336.0,4,50.0
2020-08,11363.0,3,50.0
2020-08,11369.0,4,50.0
2020-08,11378.0,3,100.0
2020-08,11381.0,3,100.0
2020-08,11395.0,3,50.0
2020-08,11398.0,2,50.0
2020-08,11410.0,3,50.0
2020-08,11420.0,3,100.0
2020-08,11427.0,3,100.0
2020-08,11428.0,3,100.0
2020-08,11440.0,4,50.0
2020-08,11443.0,3,100.0
2020-08,11445.0,3,100.0
2020-08,11453.0,3,10.0
2020-08,11461.0,4,50.0
2020-08,11474.0,3,100.0
2020-08,11477.0,3,100.0
2020-08,11481.0,3,100.0
2020-08,11490.0,3,100.0
2020-08,11495.0,2,100.0
2020-08,11498.0,4,50.0
2020-08,11499.0,3,100.0
2020-08,11503.0,3,100.0
2020-08,11509.0,4,100.0
2020-08,11532.0,3,50.0
2020-08,11550.0,4,40.0
2020-08,11552.0,3,100.0
2020-08,11609.0,3,100.0
2020-08,11652.0,3,100.0
2020-08,11655.0,3,50.0
2020-08,11658.0,3,100.0
2020-08,11665.0,3,100.0
2020-08,11668.0,4,100.0
2020-08,11671.0,4,100.0
2020-08,11679.0,4,100.0
2020-08,11688.0,3,100.0
2020-08,11689.0,4,100.0
2020-08,11690.0,3,100.0
2020-08,11695.0,3,100.0
2020-08,11700.0,3,100.0
2020-08,11707.0,4,100.0
2020-08,11711.0,3,100.0
2020-08,11714.0,3,100.0
2020-08,11719.0,3,100.0
2020-08,11725.0,3,50.0
2020-08,11731.0,3,100.0
2020-08,11745.0,3,50.0
2020-08,11757.0,4,100.0
2020-08,11764.0,3,100.0
2020-08,11773.0,3,100.0
2020-08,11778.0,3,100.0
2020-08,11784.0,3,100.0
2020-08,11790.0,3,100.0
2020-08,11797.0,3,50.0
2020-08,11800.0,3,100.0
2020-08,11816.0,3,100.0
2020-08,11820.0,3,100.0
2020-08,11825.0,3,100.0
2020-08,11827.0,4,100.0
2020-08,11828.0,4,100.0
2020-08,11837.0,4,50.0
2020-08,11840.0,4,50.0
2020-08,11841.0,3,100.0
2020-08,11846.0,3,100.0
2020-08,11855.0,3,100.0
2020-08,11859.0,3,100.0
2020-08,11873.0,4,100.0
2020-08,11875.0,3,100.0
2020-08,11877.0,4,100.0
2020-08,11882.0,4,100.0
2020-08,11886.0,3,50.0
2020-08,11897.0,3,100.0
2020-08,11899.0,4,100.0
2020-08,11905.0,3,100.0
2020-08,11909.0,3,100.0
2020-08,11954.0,4,50.0
2020-08,11972.0,4,50.0
2020-08,11984.0,4,50.0
2020-08,11985.0,3,100.0
2020-08,11987.0,3,100.0
2020-08,11992.0,3,100.0
2020-08,11999.0,3,100.0
2020-08,12000.0,4,100.0
2020-08,12001.0,3,100.0
2020-08,12008.0,3,100.0
2020-08,12017.0,3,50.0
2020-08,12027.0,4,100.0
2020-08,12035.0,3,100.0
2020-08,12038.0,4,100.0
2020-08,12043.0,4,100.0
2020-08,12048.0,3,100.0
2020-08,12051.0,3,100.0
2020-08,12065.0,4,100.0
2020-08,12087.0,3,100.0
2020-08,12091.0,4,100.0
2020-08,12097.0,3,100.0
2020-08,12103.0,3,100.0
2020-08,12107.0,3,50.0
2020-08,12109.0,4,50.0
2020-08,12121.0,3,100.0
2020-08,12127.0,3,100.0
2020-08,12173.0,4,100.0
2020-08,12187.0,4,100.0
2020-08,12189.0,3,100.0
2020-08,12199.0,4,100.0
2020-08,12205.0,4,50.0
2020-08,12210.0,3,50.0
2020-08,12213.0,3,50.0
2020-08,12222.0,3,100.0
2020-08,12232.0,4,100.0
2020-08,12285.0,3,100.0
2020-08,12288.0,3,100.0
2020-08,12312.0,3,100.0
2020-08,12329.0,3,100.0
2020-08,12334.0,3,100.0
2020-08,12345.0,3,100.0
2020-08,12347.0,3,100.0
2020-08,12349.0,3,100.0
2020-08,12360.0,3,100.0
2020-08,12361.0,4,100.0
2020-08,12365.0,3,100.0
2020-08,12371.0,3,100.0
2020-08,12373.0,3,100.0
2020-08,12389.0,4,100.0
2020-08,12391.0,3,100.0
2020-08,12409.0,3,100.0
2020-08,12426.0,3,100.0
2020-08,12447.0,3,100.0
2020-08,12452.0,3,50.0
2020-08,12468.0,4,50.0
2020-08,12469.0,3,45.0
2020-08,12477.0,4,100.0
2020-08,12487.0,3,50.0
2020-08,12499.0,3,100.0
2020-08,12520.0,2,100.0
2020-08,12524.0,3,50.0
2020-08,12528.0,3,100.0
2020-08,12540.0,4,50.0
2020-08,12555.0,3,100.0
2020-08,12557.0,,100.0
2020-08,12558.0,3,100.0
2020-08,12592.0,3,100.0
2020-08,12623.0,3,50.0
2020-08,12627.0,3,40.0
2020-08,12636.0,3,50.0
2020-08,12643.0,3,100.0
2020-08,12648.0,3,100.0
2020-08,12655.0,3,100.0
2020-08,12658.0,3,100.0
2020-08,12669.0,4,100.0
2020-08,12670.0,3,100.0
2020-08,12681.0,3,100.0
2020-08,12691.0,3,50.0
2020-08,12697.0,3,100.0
2020-08,12710.0,4,50.0
2020-08,12716.0,4,50.0
2020-08,12723.0,4,20.0
2020-08,12738.0,3,50.0
2020-08,12744.0,3,100.0
2020-08,12771.0,3,100.0
2020-08,12777.0,3,50.0
2020-08,12790.0,3,100.0
2020-08,12797.0,3,50.0
2020-08,12805.0,3,50.0
2020-08,12812.0,3,50.0
2020-08,12822.0,3,50.0
2020-08,12826.0,3,100.0
2020-08,12838.0,4,100.0
2020-08,12847.0,3,40.0
2020-08,12858.0,3,100.0
2020-08,12870.0,3,100.0
2020-08,12879.0,3,100.0
2020-08,12886.0,3,100.0
2020-08,12899.0,3,50.0
2020-08,12900.0,3,50.0
2020-08,12903.0,3,50.0
2020-08,12906.0,4,100.0
2020-08,12908.0,3,100.0
2020-08,12912.0,3,100.0
2020-08,12929.0,3,100.0
2020-08,12932.0,3,100.0
2020-08,12944.0,3,50.0
2020-08,12947.0,3,100.0
2020-08,12949.0,4,100.0
2020-08,12952.0,2,30.0
2020-08,12956.0,3,100.0
2020-08,12957.0,3,100.0
2020-08,12960.0,3,100.0
2020-08,12961.0,,100.0
2020-08,13013.0,3,100.0
2020-08,13014.0,3,100.0
2020-08,13015.0,3,50.0
2020-08,13044.0,3,80.0
2020-08,13056.0,4,100.0
2020-08,13072.0,3,50.0
2020-08,13089.0,3,100.0
2020-08,13091.0,3,100.0
2020-08,13092.0,3,100.0
2020-08,13093.0,4,100.0
2020-08,13100.0,3,100.0
2020-08,13107.0,3,100.0
2020-08,13136.0,3,70.0
2020-08,13140.0,4,50.0
2020-08,13191.0,3,100.0
2020-08,13192.0,3,100.0
2020-08,13195.0,3,100.0
2020-08,13201.0,3,100.0
2020-08,13212.0,3,50.0
2020-08,13259.0,3,50.0
2020-08,13265.0,3,100.0
2020-08,13280.0,3,100.0
2020-08,13289.0,3,100.0
2020-08,13296.0,3,100.0
2020-08,13299.0,3,100.0
2020-08,13300.0,3,50.0
2020-08,13307.0,4,100.0
2020-08,13317.0,3,100.0
2020-08,13320.0,4,50.0
2020-08,13330.0,4,100.0
2020-08,13331.0,3,100.0
2020-08,13338.0,4,100.0
2020-08,13352.0,3,40.0
2020-08,13365.0,3,100.0
2020-08,13368.0,3,100.0
2020-08,13425.0,3,100.0
2020-08,13431.0,4,100.0
2020-08,13436.0,3,50.0
2020-08,13450.0,3,100.0
2020-08,13455.0,3,100.0
2020-08,13468.0,3,100.0
2020-08,13493.0,3,100.0
2020-08,13503.0,3,100.0
2020-08,13515.0,3,100.0
2020-08,13516.0,3,50.0
2020-08,13524.0,3,100.0
2020-08,13536.0,3,90.0
2020-08,13550.0,4,50.0
2020-08,13564.0,3,50.0
2020-08,13569.0,3,100.0
2020-08,13570.0,3,100.0
2020-08,13588.0,3,100.0
2020-08,13600.0,3,100.0
2020-08,13608.0,3,100.0
2020-08,13623.0,3,100.0
2020-08,13627.0,3,50.0
2020-08,13644.0,3,100.0
2020-08,13660.0,3,70.0
2020-08,13668.0,3,50.0
2020-08,13671.0,3,100.0
2020-08,13673.0,3,50.0
2020-08,13679.0,3,30.0
2020-08,13709.0,3,50.0
2020-08,13715.0,3,100.0
2020-08,13727.0,3,100.0
2020-08,13739.0,3,100.0
2020-08,13742.0,4,100.0
2020-08,13759.0,3,100.0
2020-08,13760.0,3,50.0
2020-08,13765.0,3,100.0
2020-08,13767.0,3,100.0
2020-08,13770.0,3,100.0
2020-08,13783.0,3,50.0
2020-08,13797.0,3,50.0
2020-08,13802.0,,100.0
2020-08,13804.0,3,100.0
2020-08,13813.0,3,50.0
2020-08,13819.0,4,45.0
2020-08,13822.0,3,50.0
2020-08,13831.0,3,50.0
2020-08,13836.0,3,100.0
2020-08,13838.0,3,100.0
2020-08,13864.0,4,50.0
2020-08,13866.0,3,100.0
2020-08,13867.0,3,100.0
2020-08,13877.0,3,50.0
2020-08,13882.0,4,100.0
2020-08,13883.0,3,50.0
2020-08,13904.0,3,100.0
2020-08,13940.0,3,100.0
2020-08,13949.0,3,50.0
2020-08,13951.0,3,50.0
2020-08,13956.0,3,50.0
2020-08,13971.0,3,50.0
2020-08,13975.0,3,100.0
2020-08,13991.0,3,50.0
2020-08,14008.0,3,100.0
2020-08,14028.0,3,100.0
2020-08,14031.0,3,100.0
2020-08,14042.0,3,100.0
2020-08,14050.0,3,100.0
2020-08,14060.0,4,50.0
2020-08,14068.0,3,100.0
2020-08,14069.0,3,100.0
2020-08,14070.0,3,50.0
2020-08,14071.0,3,50.0
2020-08,14076.0,4,50.0
2020-08,14077.0,3,100.0
2020-08,14078.0,3,100.0
2020-08,14080.0,3,100.0
2020-08,14083.0,3,50.0
2020-08,14086.0,4,100.0
2020-08,14093.0,3,20.0
2020-08,14097.0,3,100.0
2020-08,14099.0,3,30.0
2020-08,14106.0,3,50.0
2020-08,14107.0,3,100.0
2020-08,14115.0,3,100.0
2020-08,14130.0,3,50.0
2020-08,14146.0,3,100.0
2020-08,14150.0,3,20.0
2020-08,14158.0,3,100.0
2020-09,14178.0,3,50.0
2020-09,14179.0,3,100.0
2020-09,14181.0,3,100.0
2020-09,14189.0,3,100.0
2020-09,14194.0,3,100.0
2020-09,14211.0,4,100.0
2020-09,14232.0,3,100.0
2020-09,14269.0,3,100.0
2020-09,14282.0,4,50.0
2020-09,14289.0,4,100.0
2020-09,14298.0,3,50.0
2020-09,14304.0,3,100.0
2020-09,14305.0,3,50.0
2020-09,14326.0,3,50.0
2020-09,14335.0,4,50.0
2020-09,14353.0,3,50.0
2020-09,14378.0,3,50.0
2020-09,14384.0,3,50.0
2020-09,14396.0,3,100.0
2020-09,14399.0,3,100.0
2020-09,14415.0,3,100.0
2020-09,14432.0,3,100.0
2020-09,14441.0,3,50.0
2020-09,14445.0,4,50.0
2020-09,14462.0,3,100.0
2020-09,14476.0,3,100.0
2020-09,14482.0,3,100.0
2020-09,14493.0,3,100.0
2020-09,14503.0,3,100.0
2020-09,14510.0,3,100.0
2020-09,14514.0,3,100.0
2020-09,14522.0,3,100.0
2020-09,14529.0,3,50.0
2020-09,14544.0,3,100.0
2020-09,14555.0,3,100.0
2020-09,14558.0,3,100.0
2020-09,14574.0,3,50.0
2020-09,14575.0,3,100.0
2020-09,14586.0,3,50.0
2020-09,14588.0,3,100.0
2020-09,14597.0,3,50.0
2020-09,14606.0,3,100.0
2020-09,14634.0,3,100.0
2020-09,14636.0,3,100.0
2020-09,14649.0,4,50.0
2020-09,14650.0,3,100.0
2020-09,14655.0,3,100.0
2020-09,14673.0,3,100.0
2020-09,14674.0,3,100.0
2020-09,14681.0,3,50.0
2020-09,14686.0,3,100.0
2020-09,14694.0,4,50.0
2020-09,14699.0,4,50.0
2020-09,14705.0,3,100.0
2020-09,14706.0,3,100.0
2020-09,14707.0,3,100.0
2020-09,14711.0,3,100.0
2020-09,14715.0,3,100.0
2020-09,14730.0,4,100.0
2020-09,14733.0,3,100.0
2020-09,14737.0,3,50.0
2020-09,14742.0,4,50.0
2020-09,14754.0,4,50.0
2020-09,14757.0,4,100.0
2020-09,14759.0,3,100.0
2020-09,14763.0,3,50.0
2020-09,14774.0,3,100.0
2020-09,14782.0,3,100.0
2020-09,14789.0,4,100.0
2020-09,14801.0,3,100.0
2020-09,14804.0,3,50.0
2020-09,14814.0,3,50.0
2020-09,14820.0,3,50.0
2020-09,14824.0,3,50.0
2020-09,14825.0,3,50.0
2020-09,14827.0,3,50.0
2020-09,14839.0,3,100.0
2020-09,14848.0,4,50.0
2020-09,14852.0,3,100.0
2020-09,14881.0,3,50.0
2020-09,14888.0,3,50.0
2020-09,14898.0,3,50.0
2020-09,14904.0,4,50.0
2020-09,14924.0,3,50.0
2020-09,14940.0,3,50.0
2020-09,14941.0,4,100.0
2020-09,14952.0,4,70.0
2020-09,14956.0,4,50.0
2020-09,14962.0,4,100.0
2020-09,14969.0,3,100.0
2020-09,14976.0,3,50.0
2020-09,15017.0,3,50.0
2020-09,15026.0,3,100.0
2020-09,15031.0,3,100.0
2020-09,15088.0,3,100.0
2020-09,15105.0,3,50.0
2020-09,15107.0,3,100.0
2020-09,15119.0,3,50.0
2020-09,15129.0,3,100.0
2020-09,15166.0,3,50.0
2020-09,15169.0,3,100.0
2020-09,15207.0,3,50.0
2020-09,15249.0,4,50.0
2020-09,15251.0,3,50.0
2020-09,15277.0,3,100.0
2020-09,15287.0,3,100.0
2020-09,15300.0,3,100.0
2020-09,15304.0,3,100.0
2020-09,15305.0,3,50.0
2020-09,15306.0,3,50.0
2020-09,15312.0,3,50.0
2020-09,15349.0,3,100.0
2020-09,15360.0,3,50.0
2020-09,15364.0,3,50.0
2020-09,15370.0,3,100.0
2020-09,15380.0,4,100.0
2020-09,15390.0,4,100.0
2020-09,15392.0,3,100.0
2020-09,15397.0,3,50.0
2020-09,15400.0,3,50.0
2020-09,15402.0,4,100.0
2020-09,15418.0,4,50.0
2020-09,15431.0,3,100.0
2020-09,15433.0,3,50.0
2020-09,15440.0,4,50.0
2020-09,15444.0,3,50.0
2020-09,15448.0,3,100.0
2020-09,15449.0,3,100.0
2020-09,15465.0,3,50.0
2020-09,15470.0,3,50.0
2020-09,15478.0,3,100.0
2020-09,15499.0,3,50.0
2020-09,15532.0,3,100.0
2020-09,15535.0,4,100.0
2020-09,15536.0,4,50.0
2020-09,15549.0,3,100.0
2020-09,15551.0,3,100.0
2020-09,15555.0,3,50.0
2020-09,15569.0,3,100.0
2020-09,15583.0,4,100.0
2020-09,15614.0,3,100.0
2020-09,15633.0,3,100.0
2020-09,15637.0,3,100.0
2020-09,15644.0,4,50.0
2020-09,15656.0,3,100.0
2020-09,15660.0,3,50.0
2020-09,15664.0,4,50.0
2020-09,15692.0,4,50.0
2020-09,15707.0,3,100.0
2020-09,15724.0,4,50.0
2020-09,15730.0,3,100.0
2020-09,15741.0,3,100.0
2020-09,15813.0,4,100.0
2020-09,15828.0,3,100.0
2020-09,15858.0,3,50.0
2020-09,15860.0,3,50.0
2020-09,15865.0,4,100.0
2020-09,15880.0,3,100.0
2020-09,15897.0,3,100.0
2020-09,15920.0,3,50.0
2020-09,15943.0,3,100.0
2020-09,15952.0,3,100.0
2020-09,15971.0,3,100.0
2020-09,15973.0,3,100.0
2020-09,15975.0,4,100.0
2020-09,15989.0,3,100.0
2020-09,15996.0,4,100.0
2020-09,16000.0,4,100.0
2020-09,16011.0,3,50.0
2020-09,16019.0,3,100.0
2020-09,16023.0,3,100.0
2020-09,16042.0,3,50.0
2020-09,16050.0,3,50.0
2020-09,16071.0,3,100.0
2020-09,16097.0,3,100.0
2020-09,16101.0,3,50.0
2020-09,16102.0,3,100.0
2020-09,16118.0,3,50.0
2020-09,16133.0,3,100.0
2020-09,16135.0,3,100.0
2020-09,16144.0,3,100.0
2020-09,16146.0,4,50.0
2020-09,16218.0,3,100.0
2020-09,16221.0,3,100.0
2020-09,16227.0,3,50.0
2020-09,16239.0,4,100.0
2020-09,16250.0,3,50.0
2020-09,16268.0,3,50.0
2020-09,16274.0,3,100.0
2020-09,16280.0,3,100.0
2020-09,16292.0,4,100.0
2020-09,16329.0,3,100.0
2020-09,16394.0,3,100.0
2020-09,16407.0,3,100.0
2020-09,16424.0,3,100.0
2020-09,16428.0,3,100.0
2020-09,16437.0,3,100.0
2020-09,16443.0,4,100.0
2020-09,16448.0,3,100.0
2020-09,16455.0,3,50.0
2020-09,16456.0,3,100.0
2020-09,16471.0,4,50.0
2020-09,16472.0,3,100.0
2020-09,16487.0,3,100.0
2020-09,16488.0,3,100.0
2020-09,16523.0,4,50.0
2020-09,16532.0,4,80.0
2020-09,16534.0,3,35.0
2020-09,16543.0,3,100.0
2020-09,16549.0,4,100.0
2020-09,16554.0,4,100.0
2020-09,16558.0,3,70.0
2020-09,16562.0,3,100.0
2020-09,16571.0,4,50.0
2020-09,16577.0,3,70.0
2020-09,16585.0,3,50.0
2020-09,16609.0,3,50.0
2020-09,16619.0,4,100.0
2020-09,16626.0,4,100.0
2020-09,16634.0,3,50.0
2020-09,16649.0,3,100.0
2020-09,16676.0,3,20.0
2020-09,16706.0,3,50.0
2020-09,16708.0,4,50.0
2020-09,16725.0,3,100.0
2020-09,16728.0,3,100.0
2020-09,16744.0,3,50.0
2020-09,16788.0,3,50.0
2020-09,16794.0,3,100.0
2020-09,16810.0,3,100.0
2020-09,16828.0,3,50.0
2020-09,16834.0,3,100.0
2020-09,16876.0,3,100.0
2020-09,16879.0,3,70.0
2020-09,16928.0,3,50.0
2020-09,16931.0,4,100.0
2020-09,16935.0,3,50.0
2020-09,16936.0,3,50.0
2020-09,16947.0,4,100.0
2020-09,16975.0,3,50.0
2020-09,16984.0,3,100.0
2020-09,17012.0,3,50.0
2020-09,17013.0,4,100.0
2020-09,17029.0,3,100.0
2020-09,17038.0,3,100.0
2020-09,17067.0,4,50.0
2020-09,17070.0,3,100.0
2020-09,17074.0,3,30.0
2020-09,17076.0,3,50.0
2020-09,17077.0,4,100.0
2020-09,17084.0,3,50.0
2020-09,17091.0,3,50.0
2020-09,17099.0,3,90.0
2020-09,17102.0,3,100.0
2020-09,17134.0,3,50.0
2020-09,17139.0,3,50.0
2020-09,17143.0,3,100.0
2020-09,17145.0,3,100.0
2020-09,17147.0,3,100.0
2020-09,17150.0,3,100.0
2020-09,17157.0,4,100.0
2020-09,17178.0,4,100.0
2020-09,17179.0,3,100.0
2020-09,17186.0,3,100.0
2020-09,17187.0,3,70.0
2020-09,17199.0,4,100.0
2020-09,17203.0,3,50.0
2020-09,17230.0,3,100.0
2020-09,17252.0,3,50.0
2020-09,17257.0,3,50.0
2020-09,17259.0,3,100.0
2020-09,17266.0,4,50.0
2020-09,17268.0,4,100.0
2020-09,17272.0,3,100.0
2020-09,17281.0,4,50.0
2020-09,17299.0,3,50.0
2020-09,17318.0,3,100.0
2020-09,17350.0,3,100.0
2020-09,17353.0,3,100.0
2020-09,17372.0,3,50.0
2020-09,17374.0,3,50.0
2020-09,17383.0,3,60.0
2020-09,17404.0,4,100.0
2020-09,17417.0,3,50.0
2020-09,17425.0,3,50.0
2020-09,17435.0,3,50.0
2020-09,17439.0,3,100.0
2020-09,17447.0,3,50.0
2020-09,17457.0,3,100.0
2020-09,17480.0,3,60.0
2020-09,17494.0,4,100.0
2020-09,17499.0,3,100.0
2020-09,17505.0,3,100.0
2020-09,17510.0,3,100.0
2020-09,17520.0,3,50.0
2020-09,17538.0,4,50.0
2020-09,17545.0,3,50.0
2020-09,17560.0,4,100.0
2020-09,17564.0,3,50.0
2020-09,17571.0,3,100.0
2020-09,17590.0,3,100.0
2020-09,17601.0,3,50.0
2020-09,17605.0,3,100.0
2020-09,17619.0,3,100.0
2020-09,17622.0,3,100.0
2020-09,17643.0,4,50.0
2020-09,17667.0,3,100.0
2020-09,17679.0,3,50.0
2020-09,17680.0,3,100.0
2020-09,17687.0,3,100.0
2020-09,17695.0,3,20.0
2020-09,17710.0,4,100.0
2020-09,17713.0,3,100.0
2020-09,17726.0,3,100.0
2020-09,17729.0,3,100.0
2020-09,17730.0,3,50.0
2020-09,17734.0,3,100.0
2020-09,17759.0,3,100.0
2020-09,17766.0,3,50.0
2020-09,17767.0,3,20.0
2020-09,17772.0,3,100.0
2020-09,17786.0,4,50.0
2020-09,17792.0,3,100.0
2020-09,17793.0,3,100.0
2020-09,17797.0,3,50.0
2020-09,17799.0,3,50.0
2020-09,17803.0,3,100.0
2020-09,17806.0,3,100.0
2020-09,17814.0,3,100.0
2020-09,17819.0,3,100.0
2020-09,17824.0,4,100.0
2020-09,17832.0,3,100.0
2020-09,17841.0,3,50.0
2020-09,17868.0,3,100.0
2020-09,17882.0,3,50.0
2020-09,17883.0,3,100.0
2020-09,17896.0,3,50.0
2020-09,17900.0,4,100.0
2020-09,17914.0,3,50.0
2020-09,17915.0,3,100.0
2020-09,17919.0,3,50.0
2020-09,17921.0,3,50.0
2020-09,17925.0,4,50.0
2020-09,17935.0,4,50.0
2020-09,17947.0,3,100.0
2020-09,17957.0,3,50.0
2020-09,17958.0,3,100.0
2020-09,17963.0,3,50.0
2020-09,17974.0,3,50.0
2020-09,17982.0,3,100.0
2020-09,17986.0,4,100.0
2020-09,17997.0,3,100.0
2020-09,18010.0,4,100.0
2020-09,18012.0,3,100.0
2020-09,18016.0,3,50.0
2020-09,18019.0,3,50.0
2020-09,18032.0,4,100.0
2020-09,18044.0,3,100.0
2020-09,18045.0,3,100.0
2020-09,18049.0,3,50.0
2020-09,18052.0,3,50.0
2020-09,18059.0,3,50.0
2020-09,18076.0,3,100.0
2020-09,18077.0,3,50.0
2020-09,18094.0,3,50.0
2020-09,18096.0,3,50.0
2020-09,18108.0,3,100.0
2020-09,18161.0,3,50.0
2020-09,18175.0,3,100.0
2020-09,18194.0,4,100.0
2020-09,18197.0,4,100.0
2020-09,18207.0,3,100.0
2020-09,18208.0,3,60.0
2020-09,18256.0,4,50.0
2020-09,18257.0,3,50.0
2020-09,18264.0,4,100.0
2020-09,18279.0,4,100.0
2020-09,18314.0,3,100.0
2020-09,18350.0,3,100.0
2020-09,18405.0,3,50.0
2020-09,18419.0,3,100.0
2020-09,18439.0,3,100.0
2020-09,18451.0,3,100.0
2020-09,18514.0,,50.0
2020-09,18585.0,3,50.0
2020-10,18651.0,4,40.0
2020-10,18716.0,3,100.0
2020-10,18727.0,3,100.0
2020-10,18759.0,3,100.0
2020-10,18780.0,3,50.0
2020-10,18785.0,3,50.0
2020-10,18797.0,3,50.0
2020-10,18818.0,4,50.0
2020-10,18831.0,3,100.0
2020-10,18876.0,3,50.0
2020-10,18941.0,3,100.0
2020-10,19028.0,3,50.0
2020-10,19182.0,3,100.0
2020-10,19243.0,3,50.0
2020-10,19246.0,3,50.0
2020-10,19250.0,3,50.0
2020-10,19266.0,4,50.0
2020-10,19276.0,3,50.0
2020-10,19350.0,3,50.0
2020-10,19355.0,3,100.0
2020-10,19385.0,3,50.0
2020-10,19461.0,4,50.0
2020-10,19465.0,3,100.0
2020-10,19517.0,3,50.0
2020-10,19563.0,3,100.0
2020-10,19575.0,3,50.0
2020-10,19606.0,3,100.0
2020-10,19878.0,3,100.0
2020-10,19911.0,3,100.0
2020-10,19952.0,3,100.0
2020-10,19981.0,4,100.0
2020-10,19988.0,3,50.0
2020-10,20012.0,3,100.0
2020-10,20033.0,4,50.0
2020-10,20071.0,3,60.0
2020-10,20134.0,3,100.0
2020-10,20166.0,3,100.0
2020-10,20272.0,4,50.0
2020-10,20274.0,3,50.0
2020-10,20387.0,3,50.0
2020-10,20391.0,4,100.0
2020-10,20472.0,4,50.0
2020-10,20680.0,3,100.0
2020-10,20786.0,4,100.0
2020-10,20931.0,3,100.0
2020-10,21136.0,3,50.0
2020-10,21176.0,3,100.0
2020-10,21400.0,4,100.0
2020-10,21497.0,3,100.0
2020-10,21754.0,3,100.0
